segment,customer_count,avg_messages,total_messages
inactive,3760,3.241223404255319,12187
prospect,1538,34.75617685305592,53455
regular,506,310.9130434782609,157322
vip,107,5071.6355140186915,542665
